lastName      , firstName      , {address                                                 }, {mobil       }, {phone       }, {email                             }, {region}
Andreason     , Tasia          , {Robert A               ,   NJ     4 Cowesett Ave        }, {            }, {201-920-9002}, {                                  }, {Nordwest}
Angalich      , Ahmed          , {2 W Beverly Blvd       ,   17110  Harrisburg            }, {717-528-8996}, {717-632-5831}, {ahmed.angalich@angalich.com       }, {Nordwest}
Ankeny        , Thaddeus       , {5 Washington St 1      ,   95678  Roseville             }, {916-920-3571}, {916-459-2433}, {tankeny@ankeny.org                }, {West}
Arceo         , Tegan          , {62260 Park Stre        ,   8831   Monroe Township       }, {732-730-2692}, {732-705-6719}, {tegan.arceo@arceo.org             }, {Ost}
Asar          , Loren          , {6 Ridgewood Center Dr  ,   18518  Old Forge             }, {570-648-3035}, {570-569-2356}, {loren.asar@aol.com                }, {West}
Auber         , Lynelle        , {32820 Corkwood Rd      ,   7104   Newark                }, {973-860-8610}, {            }, {lynelle_auber@gmail.com           }, {Süd}
Berlanga      , Vilma          , {D Fred Esq             ,   MI     79 S Howell Ave       }, {            }, {616-737-3085}, {                                  }, {West}
Biddy         , Jani           , {61556 W 20th Ave       ,   98104  Seattle               }, {206-711-6498}, {            }, {jbiddy@yahoo.com                  }, {Ost}
Bookamer      , Flo            , {89992 E 15th St        ,   69301  Alliance              }, {308-726-2182}, {308-250-6987}, {flo.bookamer@cox.net              }, {West}
Borgman       , Keneth         , {86350 Roszel Rd        ,   85012  Phoenix               }, {602-919-4211}, {602-442-3092}, {keneth@yahoo.com                  }, {Süd}
Boulter       , Carlee         , {Troy M Ii              ,   KS     8284 Hart St          }, {            }, {785-347-1805}, {                                  }, {Nordost}
Bourbon       , Sharen         , {John A Esq             ,   NY     62 W Austin St        }, {            }, {516-816-1541}, {                                  }, {Süd}
Breland       , Joni           , {35 E Main St 43        ,   60007  Elk Grove Village     }, {847-519-5906}, {847-740-5304}, {joni_breland@cox.net              }, {Süd}
Castros       , Annmarie       , {80312 W 32nd St        ,   77301  Conroe                }, {936-751-7961}, {            }, {annmarie_castros@gmail.com        }, {Nordwest}
Chaffins      , Jess           , {18 3rd Ave             ,   10016  New York              }, {212-510-4633}, {212-428-9538}, {jess.chaffins@chaffins.org        }, {Nordwest}
Chavous       , Roslyn         , {James L                ,   MS     63517 Dupont St       }, {            }, {601-234-9632}, {                                  }, {Ost}
Chesterfield  , Dorothy        , {469 Outwater Ln        ,   92126  San Diego             }, {858-617-7834}, {            }, {dorothy@cox.net                   }, {Ost}
Claucherty    , Jeanice        , {19 Amboy Ave           ,   33142  Miami                 }, {305-988-4162}, {            }, {jeanice.claucherty@yahoo.com      }, {West}
Colaizzo      , Cecilia        , {4 Nw 12th St 3849      ,   53717  Madison               }, {608-382-4541}, {608-302-3387}, {cecilia_colaizzo@colaizzo.com     }, {Süd}
Comnick       , Daniela        , {7 Flowers Rd 403       ,   8611   Trenton               }, {609-200-8577}, {609-398-2805}, {dcomnick@cox.net                  }, {Nordwest}
Delasancha    , Mona           , {38773 Gravois Ave      ,   82001  Cheyenne              }, {307-403-1488}, {            }, {mdelasancha@hotmail.com           }, {Ost}
Devreese      , Diane          , {1953 Telegraph Rd      ,   64504  Saint Joseph          }, {816-557-9673}, {816-329-5565}, {diane@cox.net                     }, {Ost}
Dewar         , Izetta         , {Jean Esq               ,   MD     2 W Scyene Rd 3       }, {            }, {410-473-1708}, {                                  }, {Ost}
Diestel       , Lonna          , {Thomas J Esq           ,   NC     1482 College Ave      }, {            }, {910-922-3672}, {                                  }, {Ost}
Eanes         , Sharika        , {75698 N Fiesta Blvd    ,   32806  Orlando               }, {407-312-1691}, {407-472-1332}, {sharika.eanes@aol.com             }, {Ost}
Farrow        , Arthur         , {Timothy L Esq          ,   NJ     28 S 7th St 2824      }, {            }, {201-238-5688}, {                                  }, {Nordost}
Gabisi        , Janey          , {Stephen F Esq          ,   WI     40 Cambridge Ave      }, {            }, {608-967-7194}, {                                  }, {Süd}
Galam         , Britt          , {2500 Pringle Rd Se 508 ,   19440  Hatfield              }, {215-888-3304}, {215-351-8523}, {britt@galam.org                   }, {Süd}
Gillaspie     , Brittni        , {67 Rv Cent             ,   83709  Boise                 }, {208-709-1235}, {208-206-9848}, {bgillaspie@gillaspie.com          }, {Süd}
Gleich        , Catarina       , {Robert E Esq           ,   NJ     78 Maryland Dr 146    }, {            }, {973-210-3994}, {                                  }, {Ost}
Greenbush     , Shonda         , {82 Us Highway 46       ,   7011   Clifton               }, {973-482-2430}, {973-644-2974}, {shonda_greenbush@cox.net          }, {Süd}
Grenet        , Kenneth        , {2167 Sierra Rd         ,   48823  East Lansing          }, {517-499-2322}, {517-867-8077}, {kenneth.grenet@grenet.org         }, {Süd}
Harabedian    , Lai            , {1933 Packer Ave 2      ,   94945  Novato                }, {415-423-3294}, {415-926-6089}, {lai@gmail.com                     }, {Nordwest}
Harnos        , Ryan           , {13 Gunnison St         ,   75075  Plano                 }, {972-558-1665}, {            }, {ryan@cox.net                      }, {Ost}
Heimann       , Clorinda       , {Charles Jr             ,   CA     105 Richmond Valley Rd}, {            }, {760-291-5497}, {                                  }, {Ost}
Hixenbaugh    , Alesia         , {9 Front St             ,   20001  Washington            }, {202-646-7516}, {            }, {alesia_hixenbaugh@hixenbaugh.org  }, {Ost}
Hoopengardner , Ettie          , {39 Franklin Ave        ,   99352  Richland              }, {509-755-5393}, {509-847-3352}, {ettie.hoopengardner@hotmail.com   }, {Ost}
Hudnall       , Mitzie         , {17 Jersey Ave          ,   80110  Englewood             }, {303-402-1940}, {303-997-7760}, {mitzie_hudnall@yahoo.com          }, {Nordwest}
Husser        , Selma          , {9 State Highway 57 22  ,   7306   Jersey City           }, {201-991-8369}, {            }, {selma.husser@cox.net              }, {Süd}
Jacobos       , Refugia        , {2184 Worth St          ,   94545  Hayward               }, {510-974-8671}, {510-509-3496}, {refugia.jacobos@jacobos.com       }, {West}
Jayson        , Eden           , {4 Iwaena St            ,   21202  Baltimore             }, {410-890-7866}, {            }, {eden_jayson@yahoo.com             }, {Nordwest}
Jeanty        , Alline         , {55713 Lake City Hwy    ,   46601  South Bend            }, {574-656-2800}, {            }, {ajeanty@gmail.com                 }, {West}
Jurney        , Luisa          , {25 Se 176th Pl         ,   2138   Cambridge             }, {617-365-2134}, {617-544-2541}, {ljurney@hotmail.com               }, {West}
Juvera        , Nickolas       , {177 S Rider Trl 52     ,   34429  Crystal River         }, {352-598-8301}, {352-947-6152}, {nickolas_juvera@cox.net           }, {Nordost}
Kampa         , Raylene        , {2 Sw Nyberg Rd         ,   46514  Elkhart               }, {574-499-1454}, {574-330-1884}, {rkampa@kampa.org                  }, {Nordost}
Kaniecki      , Golda          , {6201 S Nevada Ave      ,   8755   Toms River            }, {732-628-9909}, {732-617-5310}, {golda_kaniecki@yahoo.com          }, {West}
Kardas        , Colette        , {21575 S Apple Creek Rd ,   68124  Omaha                 }, {402-896-5943}, {402-707-1602}, {colette.kardas@yahoo.com          }, {West}
Keener        , Ruthann        , {3424 29th St Se        ,   78028  Kerrville             }, {830-258-2769}, {830-919-5991}, {ruthann@hotmail.com               }, {Nordwest}
Kiel          , Virgie         , {Terrence P Esq         ,   CO     76598 Rd  I 95 1      }, {            }, {303-776-7548}, {                                  }, {Ost}
Koppinger     , Nan            , {Grace T                ,   NC     88827 Frankford Ave   }, {            }, {336-370-5333}, {                                  }, {West}
Lapage        , Cecil          , {Douglas D              ,   NJ     4 Stovall St 72       }, {            }, {201-693-3967}, {                                  }, {Nordost}
Leinenbach    , Joanna         , {1 Washington St        ,   33461  Lake Worth            }, {561-470-4574}, {561-951-9734}, {joanna_leinenbach@hotmail.com     }, {Nordost}
Lipkin        , Adell          , {65 Mountain View Dr    ,   7981   Whippany              }, {973-654-1561}, {973-662-8988}, {adell.lipkin@lipkin.com           }, {Nordost}
Liukko        , Gilma          , {16452 Greenwich St     ,   11530  Garden City           }, {516-393-9967}, {516-407-9573}, {gilma_liukko@gmail.com            }, {Nordwest}
Lorens        , Lawrence       , {9 Hwy                  ,   2906   Providence            }, {401-465-6432}, {401-893-1820}, {lawrence.lorens@hotmail.com       }, {Süd}
Lueckenbach   , Mari           , {Nelson E Jr            ,   CA     1 Century Park E      }, {            }, {858-793-9684}, {                                  }, {Nordwest}
Maile         , Sharee         , {2094 Montour Blvd      ,   49442  Muskegon              }, {231-467-9978}, {231-265-6940}, {sharee_maile@aol.com              }, {Süd}
Mccullan      , Brett          , {87895 Concord Rd       ,   91942  La Mesa               }, {619-461-9984}, {619-727-3892}, {brett.mccullan@mccullan.com       }, {Ost}
Mcdoniel      , Mollie         , {8590 Lake Lizzie Dr    ,   43402  Bowling Green         }, {419-975-3182}, {419-417-4674}, {mollie_mcdoniel@yahoo.com         }, {West}
Mclaird       , Elli           , {6 Sunrise Ave          ,   13501  Utica                 }, {315-818-2638}, {315-474-5570}, {emclaird@mclaird.com              }, {Nordost}
Mcnease       , Nu             , {88 Sw 28th Ter         ,   7029   Harrison              }, {973-751-9003}, {            }, {nu@gmail.com                      }, {Ost}
Mcrae         , Trinidad       , {10276 Brooks St        ,   94105  San Francisco         }, {415-331-9634}, {415-419-1597}, {trinidad_mcrae@yahoo.com          }, {Ost}
Meteer        , Nichelle       , {72 Beechwood Ter       ,   60657  Chicago               }, {773-225-9985}, {773-857-2231}, {nichelle_meteer@meteer.com        }, {West}
Miro          , Billye         , {Francine H Esq         ,   MS     36 Lancaster Dr Se    }, {            }, {601-567-5386}, {                                  }, {Ost}
Munis         , Levi           , {2094 Ne 36th Ave       ,   1603   Worcester             }, {508-456-4907}, {508-658-7802}, {levi.munis@gmail.com              }, {Ost}
Myricks       , Stephane       , {9 Tower Ave            ,   41005  Burlington            }, {859-717-7638}, {859-308-4286}, {stephane_myricks@cox.net          }, {Ost}
Nayar         , Rikki          , {1644 Clove Rd          ,   33155  Miami                 }, {305-968-9487}, {305-978-2069}, {rikki@nayar.com                   }, {Nordost}
Nunlee        , Gary           , {2 W Mount Royal Ave    ,   46040  Fortville             }, {317-542-6023}, {317-887-8486}, {gary_nunlee@nunlee.org            }, {West}
Ohms          , Iluminada      , {72 Southern Blvd       ,   85204  Mesa                  }, {480-293-2882}, {480-866-6544}, {iluminada.ohms@yahoo.com          }, {Süd}
Oles          , Jovita         , {Philip G Esq           ,   FL     8 S Haven St          }, {            }, {386-248-4118}, {                                  }, {Ost}
Onofrio       , Antione        , {4 S Washington Ave     ,   92410  San Bernardino        }, {909-430-7765}, {            }, {aonofrio@onofrio.com              }, {Nordost}
Ostolaza      , Jolene         , {1610 14th St Nw        ,   23608  Newport News          }, {757-682-7116}, {757-940-1741}, {jolene@yahoo.com                  }, {Nordwest}
Palaia        , Alpha          , {James M Jr             ,   NJ     43496 Commercial Dr 29}, {            }, {856-312-2629}, {                                  }, {Nordost}
Paskin        , Lili           , {20113 4th Ave E        ,   7032   Kearny                }, {201-431-2989}, {201-478-8540}, {lili.paskin@cox.net               }, {Nordost}
Pedrozo       , Teddy          , {Neal J Esq             ,   CT     46314 Route 130       }, {            }, {203-892-3863}, {                                  }, {Ost}
Perruzza      , Daniel         , {11360 S Halsted St     ,   92705  Santa Ana             }, {714-771-3880}, {714-531-1391}, {dperruzza@perruzza.com            }, {Ost}
Rentfro       , Vi             , {7163 W Clark Rd        ,   7728   Freehold              }, {732-605-4781}, {732-724-7251}, {vrentfro@cox.net                  }, {Nordost}
Rhoden        , Janine         , {92 Broadway            ,   11103  Astoria               }, {718-228-5894}, {718-728-5051}, {jrhoden@yahoo.com                 }, {Ost}
Rodefer       , Bernardine     , {2 W Grand Ave          ,   38112  Memphis               }, {901-901-4726}, {            }, {bernardine_rodefer@yahoo.com      }, {Süd}
Rowling       , Jacqueline     , {1 N San Saba           ,   16501  Erie                  }, {814-865-8113}, {814-481-1700}, {jacqueline.rowling@yahoo.com      }, {West}
Ryser         , Sylvie         , {649 Tulane Ave         ,   74105  Tulsa                 }, {918-644-9555}, {918-565-1706}, {sylvie@aol.com                    }, {Nordwest}
Samara        , Cristal        , {4119 Metropolitan Dr   ,   90021  Los Angeles           }, {213-975-8026}, {213-696-8004}, {cristal@cox.net                   }, {Nordwest}
Sarao         , Hoa            , {Joel S Esq             ,   FL     27846 Lafayette Ave   }, {            }, {386-526-7800}, {                                  }, {Ost}
Sayaphon      , Rasheeda       , {J Michael Esq          ,   CA     251 Park Ave 979      }, {            }, {408-805-4309}, {                                  }, {Süd}
Schieler      , Glory          , {5 E Truman Rd          ,   79602  Abilene               }, {325-869-2649}, {325-740-3778}, {glory@yahoo.com                   }, {Nordwest}
Schmaltz      , Staci          , {18 Coronado Ave 563     ,  91106  Pasadena              }, {626-866-2339}, {626-293-7678}, {staci_schmaltz@aol.com            }, {Nordost}
Sengbusch     , Elke           , {9 W Central Ave        ,   85013  Phoenix               }, {602-896-2993}, {602-575-3457}, {elke_sengbusch@yahoo.com          }, {West}
Similton      , Gail           , {Wes Esq                ,   CA     62 Monroe St          }, {            }, {760-616-5388}, {                                  }, {Ost}
Slayton       , Glenna         , {2759 Livingston Ave    ,   38118  Memphis               }, {901-640-9178}, {901-869-4314}, {glenna_slayton@cox.net            }, {Ost}
Storment      , Cordelia       , {Jon H Esq              ,   LA     393 Hammond Dr        }, {            }, {337-566-6001}, {                                  }, {Nordost}
Suell         , Caprice        , {W Dan Esq              ,   TN     90177 N 55th Ave      }, {            }, {615-246-1824}, {                                  }, {West}
Swayze        , Quentin        , {278 Bayview Ave        ,   48160  Milan                 }, {734-561-6170}, {734-851-8571}, {quentin_swayze@yahoo.com          }, {Ost}
Threets       , Leslie         , {2 A Kelley Dr          ,   10536  Katonah               }, {914-861-9748}, {914-396-2615}, {leslie@cox.net                    }, {Nordost}
Tillotson     , Catalina       , {3338 A Lockport Pl 6   ,   8402   Margate City          }, {609-373-3332}, {609-826-4990}, {catalina@hotmail.com              }, {Nordwest}
Tomblin       , Merissa        , {34 Raritan Center Pky  ,   90706  Bellflower            }, {562-579-6900}, {562-719-7922}, {merissa.tomblin@gmail.com         }, {Nordost}
Tromblay      , Malcolm        , {747 Leonis Blvd        ,   22003  Annandale             }, {703-221-5602}, {            }, {malcolm_tromblay@cox.net          }, {Ost}
Villanueva    , Josphine       , {63 Smith Ln 8343       ,   38575  Moss                  }, {931-553-9774}, {931-486-6946}, {josphine_villanueva@villanueva.com}, {Ost}
Walthall      , Hubert         , {Deanna                 ,   OH     95 Main Ave 2         }, {            }, {330-903-1345}, {                                  }, {Süd}
Weglarz       , Lonny          , {51120 State Route 18   ,   84115  Salt Lake City        }, {801-293-9853}, {801-892-8781}, {lonny_weglarz@gmail.com           }, {Ost}
Wenzinger     , Dick           , {22 Spruce St 595       ,   90248  Gardena               }, {310-510-9713}, {310-936-2258}, {dick@yahoo.com                    }, {Ost}
Wildfong      , Cassi          , {James O Esq            ,   IL     26849 Jefferson Hwy   }, {            }, {847-633-3216}, {                                  }, {Nordwest}
Yori          , Shawnda        , {50126 N Plankinton Ave ,   32750  Longwood              }, {407-538-5106}, {407-564-8113}, {shawnda.yori@yahoo.com            }, {Ost}
